Review,Rating,Customer_Name,Product_Name,Date
iPhone 15 Pro exceeded all expectations! Camera quality is phenomenal and battery life is amazing.,5,John Smith,iPhone 15 Pro,1/15/2024
Terrible experience with iPhone 15 Pro. Screen cracked after just one day despite having a case.,1,Sarah Johnson,iPhone 15 Pro,1/16/2024
Love my new iPhone 15 Pro! Face ID works flawlessly and the titanium build feels premium.,5,Mike Davis,iPhone 15 Pro,1/17/2024
Worst iPhone purchase ever. iPhone 15 Pro overheats constantly and battery drains too fast.,1,Lisa Wilson,iPhone 15 Pro,1/18/2024
iPhone 15 Pro offers great value. The camera system and performance improvements are worth it.,4,Robert Brown,iPhone 15 Pro,1/19/2024
Poor packaging for iPhone 15 Pro led to scratched titanium frame. Very disappointed with delivery.,2,Emily Taylor,iPhone 15 Pro,1/20/2024
Love my iPhone 15 Pro! Action Button is incredibly useful and cameras are absolutely stunning.,5,David Miller,iPhone 15 Pro,1/21/2024
Defective iPhone 15 Pro received with dead pixels on display. Apple support was unresponsive.,1,Jessica Anderson,iPhone 15 Pro,1/22/2024
Fantastic iPhone 15 Pro experience! USB-C charging and ProRAW photos are game changers.,5,Chris Wilson,iPhone 15 Pro,1/23/2024
iPhone 15 Pro overpriced for minimal upgrades. Samsung Galaxy S24 offers better value.,2,Amanda Garcia,iPhone 15 Pro,1/24/2024
Poor packaging for iPhone 15 Pro led to scratched titanium frame. Very disappointed with delivery.,2,Emily Taylor,iPhone 15 Pro,1/20/2024
Love my iPhone 15 Pro! Action Button is incredibly useful and cameras are absolutely stunning.,5,David Miller,iPhone 15 Pro,1/21/2024
Defective iPhone 15 Pro received with dead pixels on display. Apple support was unresponsive.,1,Jessica Anderson,iPhone 15 Pro,1/22/2024
Fantastic iPhone 15 Pro experience! USB-C charging and ProRAW photos are game changers.,5,Chris Wilson,iPhone 15 Pro,1/23/2024
iPhone 15 Pro overpriced for minimal upgrades. Samsung Galaxy S24 offers better value.,2,Amanda Garcia,iPhone 15 Pro,1/24/2024
Perfect iPhone 15 Pro quality! Titanium build is premium and arrived ahead of schedule.,5,Kevin Martinez,iPhone 15 Pro,1/25/2024
iPhone 15 Pro description was misleading. Dynamic Island functionality not as advertised.,1,Maria Rodriguez,iPhone 15 Pro,1/26/2024
Excellent iPhone 15 Pro craftsmanship! The titanium finish and attention to detail impressed me.,5,James Lee,iPhone 15 Pro,1/27/2024
iPhone 15 Pro feels fragile despite premium materials. Screen protector mandatory from day one.,1,Jennifer White,iPhone 15 Pro,1/28/2024
Great Apple customer support helped resolve my iPhone 15 Pro activation issue quickly.,4,Brian Thompson,iPhone 15 Pro,1/29/2024
Horrible iPhone 15 Pro experience. Took forever to ship and Face ID doesn't work properly.,1,Nicole Harris,iPhone 15 Pro,1/30/2024
iPhone 15 Pro has changed my photography game completely! Pro camera system is incredible.,5,Daniel Clark,iPhone 15 Pro,1/31/2024
Total iPhone 15 Pro disappointment. Real-world performance nothing like Apple's marketing claims.,1,Michelle Lewis,iPhone 15 Pro,2/1/2024
Superior iPhone 15 Pro quality at justified price point. A15 Bionic chip performance is unmatched!,5,Steven Walker,iPhone 15 Pro,2/2/2024
Faulty iPhone 15 Pro arrived with broken cameras. Apple's return process was a nightmare.,1,Laura Hall,iPhone 15 Pro,2/3/2024
Beautiful design and exceptional performance. Love it!,5,Tom Anderson,Electronics,2/4/2024
Delivery was delayed and item was damaged upon arrival.,1,Rachel Green,Beauty,2/5/2024
Incredible value for the price. Highly recommended!,4,Alex Johnson,Sports,2/6/2024
Product stopped working after two weeks. Very disappointed.,2,Kelly Murphy,Electronics,2/7/2024
Fast shipping and product exactly as described. Perfect!,5,Mark Davis,Books,2/8/2024
Poor quality control. Multiple defects found.,1,Lisa Thompson,Toys,2/9/2024
Exceptional build quality and attention to detail.,5,Ryan Williams,Electronics,2/10/2024
Misleading photos. Product looks nothing like the images.,1,Emma Wilson,Clothing,2/11/2024
Outstanding customer service resolved my issue quickly.,4,Noah Brown,Electronics,2/12/2024
Completely useless product. Waste of money.,1,Olivia Davis,Kitchen,2/13/2024
Premium quality materials and excellent finish.,5,William Miller,Home & Garden,2/14/2024
Arrived broken and seller refused to replace it.,1,Sophia Garcia,Electronics,2/15/2024
Fantastic product that exceeds all expectations!,5,James Rodriguez,Sports,2/16/2024
Cheap plastic construction. Feels flimsy and fragile.,2,Charlotte Martinez,Toys,2/17/2024
Perfect size and functionality. Exactly what I needed.,5,Benjamin Lee,Electronics,2/18/2024
Terrible customer service. Ignored all my complaints.,1,Amelia Anderson,Clothing,2/19/2024
High-quality product with innovative features.,4,Mason Thompson,Electronics,2/20/2024
Defective unit received. Multiple functional problems.,1,Harper White,Kitchen,2/21/2024
Excellent packaging and fast delivery service.,5,Ethan Harris,Books,2/22/2024
Product description completely wrong. Nothing matches.,1,Evelyn Clark,Beauty,2/23/2024
Remarkable durability and long-lasting construction.,5,Alexander Lewis,Sports,2/24/2024
Poor materials that deteriorated quickly after purchase.,2,Abigail Walker,Clothing,2/25/2024
Outstanding performance and reliability. Highly satisfied!,5,Sebastian Hall,Electronics,2/26/2024
Received wrong item and return process was difficult.,1,Victoria Young,Home & Garden,2/27/2024
Innovative design with user-friendly interface.,4,Logan Allen,Electronics,2/28/2024
Completely different from advertised specifications.,1,Grace King,Kitchen,3/1/2024
Superior quality that justifies the premium price.,5,Lucas Wright,Electronics,3/2/2024
Broke within hours of first use. Manufacturing defect.,1,Chloe Lopez,Toys,3/3/2024
Fantastic customer experience from order to delivery.,5,Owen Hill,Books,3/4/2024
Overpriced for such mediocre quality and performance.,2,Zoe Scott,Clothing,3/5/2024
Perfect functionality with intuitive controls.,5,Caleb Green,Electronics,3/6/2024
Arrived damaged due to poor packaging methods.,1,Aria Adams,Beauty,3/7/2024
Excellent value proposition with premium features included.,4,Grayson Baker,Sports,3/8/2024
Counterfeit product received instead of genuine item.,1,Layla Gonzalez,Electronics,3/9/2024
Impressive engineering and superior build quality.,5,Jackson Nelson,Electronics,3/10/2024
Poor quality control with visible manufacturing flaws.,1,Penelope Carter,Clothing,3/11/2024
Amazing functionality packed into compact design.,5,Aiden Mitchell,Electronics,3/12/2024
Delivery took weeks longer than promised timeframe.,2,Nora Perez,Home & Garden,3/13/2024
Outstanding reliability with consistent performance.,4,Elijah Roberts,Electronics,3/14/2024
Product photos were completely misleading and false.,1,Hazel Turner,Beauty,3/15/2024
Exceptional attention to detail in design and manufacturing.,5,Carter Phillips,Sports,3/16/2024
Cheap construction with corners cut everywhere possible.,1,Scarlett Campbell,Toys,3/17/2024
Perfect integration with existing systems and workflow.,5,Wyatt Parker,Electronics,3/18/2024
Multiple defects discovered after careful product inspection.,1,Luna Evans,Kitchen,3/19/2024
Incredible performance that exceeds industry standards significantly.,4,Maverick Edwards,Electronics,3/20/2024
Seller provided no support when problems occurred.,1,Aurora Collins,Clothing,3/21/2024
Beautiful aesthetics combined with outstanding functionality.,5,Easton Stewart,Electronics,3/22/2024
Product failed completely within first week of usage.,1,Violet Sanchez,Home & Garden,3/23/2024
Excellent documentation and clear setup instructions provided.,5,Levi Morris,Electronics,3/24/2024
Extremely poor customer service and rude representatives.,1,Nova Rogers,Beauty,3/25/2024
Premium materials used throughout with superior craftsmanship.,4,Kai Reed,Sports,3/26/2024
Received damaged goods with no replacement offered.,1,Stella Cook,Toys,3/27/2024
Outstanding warranty coverage providing complete peace of mind.,5,Jaxon Morgan,Electronics,3/28/2024
Product completely different from what was advertised online.,1,Bella Bailey,Clothing,3/29/2024
Incredible innovation that pushes boundaries of possibility.,5,Declan Rivera,Electronics,3/30/2024
Poor packaging resulted in damaged merchandise upon arrival.,2,Leah Cooper,Kitchen,3/31/2024
Excellent energy efficiency reducing operational costs significantly.,4,Nolan Richardson,Electronics,4/1/2024
Cheaply made product that feels like a toy.,1,Hannah Cox,Home & Garden,4/2/2024
Perfect compatibility with all standard systems and accessories.,5,Aaron Howard,Electronics,4/3/2024
Seller disappeared after sale with no customer support.,1,Savannah Ward,Beauty,4/4/2024
Amazing customization options allowing personal preferences.,5,Ian Torres,Electronics,4/5/2024
Product arrived with obvious wear and damage.,1,Audrey Peterson,Sports,4/6/2024
Outstanding security features protecting data and privacy effectively.,4,Brayden Gray,Electronics,4/7/2024
Installation was impossible due to missing components.,1,Claire Ramirez,Toys,4/8/2024
Incredible responsiveness with fast and smooth operation.,5,Gavin James,Electronics,4/9/2024
Completely non-functional product straight out of the box.,1,Skylar Watson,Kitchen,4/10/2024
Excellent battery life lasting much longer than expected.,5,Jace Brooks,Electronics,4/11/2024
False advertising with product nothing like described.,1,Piper Kelly,Clothing,4/12/2024
Perfect size fitting exactly where needed without issues.,4,Tyler Sanders,Electronics,4/13/2024
Received used item sold as new with visible wear.,1,Ruby Price,Home & Garden,4/14/2024
Amazing software updates improving functionality over time continuously.,5,Hunter Bennett,Electronics,4/15/2024
Poor quality materials that degraded rapidly with use.,1,Serenity Wood,Beauty,4/16/2024
Outstanding technical specifications exceeding all requirements completely.,5,Camden Barnes,Electronics,4/17/2024
Seller sent completely wrong product and refused refund.,1,Autumn Ross,Sports,4/18/2024
Incredible processing power handling complex tasks effortlessly.,4,Bryson Henderson,Electronics,4/19/2024
Product broke before I could even test it properly.,1,Paisley Coleman,Toys,4/20/2024
Excellent memory capacity supporting smooth multitasking operations.,5,Bentley Jenkins,Electronics,4/21/2024
Delivery service was terrible with damaged packaging.,2,Kennedy Perry,Kitchen,4/22/2024
Perfect installation process completed quickly without complications.,5,Ryder Powell,Electronics,4/23/2024
Product quality declined significantly from previous version.,1,Naomi Long,Clothing,4/24/2024
Amazing troubleshooting resources helping resolve issues quickly.,4,Kaden Patterson,Electronics,4/25/2024
Received defective item with multiple broken parts.,1,Genesis Hughes,Home & Garden,4/26/2024
Outstanding backup features protecting important data automatically.,5,Jorge Flores,Electronics,4/27/2024
Extremely overpriced for the limited functionality provided.,1,Journee Washington,Beauty,4/28/2024
Incredible upgrade path ensuring future compatibility and growth.,5,Rowan Butler,Electronics,4/29/2024
Product photos vs reality showed completely different items.,1,Summer Simmons,Sports,4/30/2024
Excellent training materials helping users master functionality quickly.,4,Kingston Foster,Electronics,5/1/2024
Cheap imitation that barely resembles the original product.,1,Melody Gonzales,Toys,5/2/2024
Perfect integration capabilities working seamlessly with existing systems.,5,Nash Bryant,Electronics,5/3/2024
Seller provided false tracking information and delayed shipping.,1,Serenity Alexander,Kitchen,5/4/2024
Amazing scalability growing with changing needs over time.,5,Phoenix Russell,Electronics,5/5/2024
Product arrived incomplete with missing essential components.,1,Sage Griffin,Clothing,5/6/2024
Outstanding monitoring capabilities providing real-time status updates.,4,Atlas Diaz,Electronics,5/7/2024
Quality control was obviously non-existent for this item.,1,Willow Hayes,Home & Garden,5/8/2024
Incredible automation features reducing manual work significantly.,5,Orion Myers,Electronics,5/9/2024
Received damaged item and seller refused replacement.,1,Luna Ford,Beauty,5/10/2024
Excellent reporting capabilities providing detailed insights and analytics.,5,Archer Hamilton,Electronics,5/11/2024
Product completely stopped working after minimal usage.,1,Ivy Graham,Sports,5/12/2024
Perfect scheduling options allowing flexible operation timing.,4,Axel Sullivan,Electronics,5/13/2024
Packaging was so poor that contents were damaged.,1,Delilah Wallace,Toys,5/14/2024
Amazing collaboration features enabling team productivity enhancement.,5,Cruz Woods,Electronics,5/15/2024
Seller misrepresented product condition and specifications completely.,1,Adalyn Cole,Kitchen,5/16/2024
Outstanding search functionality finding information quickly and accurately.,5,Remington West,Electronics,5/17/2024
Cheap knockoff that doesn't work as intended.,1,Iris Jordan,Clothing,5/18/2024
Incredible organizational features keeping everything neat and accessible.,4,Apollo Owens,Electronics,5/19/2024
Product arrived with water damage from poor storage.,1,Poppy Reynolds,Home & Garden,5/20/2024
Excellent filtering options allowing precise data selection.,5,Jasper Fisher,Electronics,5/21/2024
Manufacturing defects were visible right out of the package.,1,Rosalie Ellis,Beauty,5/22/2024
Perfect sorting capabilities organizing information logically and clearly.,5,Matteo Mason,Electronics,5/23/2024
Seller charged credit card but never shipped the item.,1,Lillian Dixon,Sports,5/24/2024
Amazing export features supporting multiple formats and destinations.,4,Silas Knight,Electronics,5/25/2024
Product quality was far below minimum acceptable standards.,1,Magnolia Medina,Toys,5/26/2024
Outstanding import capabilities accepting various data sources easily.,5,Finn Carr,Electronics,5/27/2024
Received broken item with no protective packaging whatsoever.,1,Cora Marshall,Kitchen,5/28/2024
Incredible synchronization keeping all devices updated automatically.,5,Milo Kim,Electronics,5/29/2024
Product description was completely fabricated and misleading.,1,Hazel Norman,Clothing,5/30/2024
Excellent offline capabilities maintaining functionality without internet connection.,4,Oscar Hansen,Electronics,5/31/2024
Item broke during normal use within first day.,1,Eloise Morales,Home & Garden,6/1/2024
Perfect mobile optimization ensuring smooth operation on smartphones.,5,Felix Webb,Electronics,6/2/2024
Seller sent expired product past its useful life.,1,Margot Crawford,Beauty,6/3/2024
Amazing accessibility features supporting users with diverse needs.,5,Callan Rhodes,Electronics,6/4/2024
Product had obvious quality control failures throughout.,1,Adeline Butler,Sports,6/5/2024
Outstanding multi-language support accommodating global user base.,4,Zander Stone,Electronics,6/6/2024
Received counterfeit item that looked nothing like authentic version.,1,Quinn Palmer,Toys,6/7/2024
Incredible help system providing comprehensive assistance when needed.,5,Beckett Harvey,Electronics,6/8/2024
Poor workmanship evident in every aspect of construction.,1,Emery Mills,Kitchen,6/9/2024
Excellent keyboard shortcuts improving efficiency for power users.,5,River Duncan,Electronics,6/10/2024
Product failed safety tests and posed potential hazards.,1,Dallas Gardner,Clothing,6/11/2024
Perfect drag-and-drop functionality making operations intuitive and quick.,4,Sage Burton,Electronics,6/12/2024
Seller provided fake reviews to mislead potential customers.,1,Rowan Pierce,Home & Garden,6/13/2024
Amazing undo functionality allowing easy mistake correction.,5,Marlowe Reid,Electronics,6/14/2024
Product arrived with missing instruction manual and components.,1,Sloane Watts,Beauty,6/15/2024
Outstanding preview features showing results before final commitment.,5,Arlo Kennedy,Electronics,6/16/2024
Quality was so poor it seemed like a prototype.,1,Wren Lucas,Sports,6/17/2024
Incredible auto-save functionality preventing data loss automatically.,4,Sage Vincent,Electronics,6/18/2024
Received damaged merchandise with no compensation offered.,1,Nova Stone,Toys,6/19/2024
Excellent version control tracking changes and enabling rollback.,5,Kai Marshall,Electronics,6/20/2024
Product completely failed to meet basic functionality requirements.,1,Luna Parker,Kitchen,6/21/2024
Perfect commenting system enabling collaboration and feedback sharing.,5,River Chen,Electronics,6/22/2024
Seller engaged in fraudulent business practices.,1,Sage Williams,Clothing,6/23/2024
Amazing notification system keeping users informed of important events.,4,Phoenix Lee,Electronics,6/24/2024
Product arrived in such poor condition it was unusable.,1,Storm Davis,Home & Garden,6/25/2024
Outstanding theme options allowing visual customization preferences.,5,Atlas Miller,Electronics,6/26/2024
Manufacturing process obviously ignored all quality standards.,1,Wren Wilson,Beauty,6/27/2024
Incredible plugin support extending functionality through third-party additions.,5,Sage Johnson,Electronics,6/28/2024
Seller provided no warranty support when product failed.,1,River Brown,Sports,6/29/2024
Excellent API access enabling integration with other systems.,4,Nova Garcia,Electronics,6/30/2024
Product was obviously defective from the manufacturing stage.,1,Luna Martinez,Toys,7/1/2024
Perfect cloud integration providing seamless remote access capabilities.,5,Kai Rodriguez,Electronics,7/2/2024
Received used and damaged item sold as brand new.,1,Storm Lopez,Kitchen,7/3/2024
Amazing real-time collaboration enabling simultaneous multi-user editing.,5,Atlas Gonzalez,Electronics,7/4/2024
Product quality control was clearly non-existent.,1,Wren Perez,Clothing,7/5/2024
Outstanding version synchronization maintaining consistency across all platforms.,4,Sage Sanchez,Electronics,7/6/2024
Seller charged full price for obviously defective merchandise.,1,River Rivera,Home & Garden,7/7/2024
Incredible performance optimization ensuring smooth operation under load.,5,Nova Cooper,Electronics,7/8/2024
Product broke during initial setup before first use.,1,Luna Reed,Beauty,7/9/2024
Excellent caching mechanisms improving response times significantly.,5,Kai Bailey,Electronics,7/10/2024
Manufacturing defects were visible throughout the entire product.,1,Storm Torres,Sports,7/11/2024
Perfect data validation preventing errors and ensuring quality.,4,Atlas Campbell,Electronics,7/12/2024
Seller provided no customer service support whatsoever.,1,Wren Evans,Toys,7/13/2024
Amazing audit trail tracking all changes and user activities.,5,Sage Edwards,Electronics,7/14/2024
Product quality was far below advertised specifications.,1,River Stewart,Kitchen,7/15/2024
Outstanding role-based permissions ensuring appropriate access control.,5,Nova Flores,Electronics,7/16/2024
Received broken item with no packaging protection.,1,Luna Morris,Clothing,7/17/2024
Incredible encryption protecting sensitive data from unauthorized access.,4,Kai Murphy,Electronics,7/18/2024
Product failed basic functionality tests immediately.,1,Storm Cook,Home & Garden,7/19/2024
Excellent backup verification ensuring data recovery capabilities function.,5,Atlas Rogers,Electronics,7/20/2024
Seller misrepresented product condition and sent damaged goods.,1,Wren Morgan,Beauty,7/21/2024
Perfect disaster recovery procedures minimizing downtime and data loss.,5,Sage Peterson,Electronics,7/22/2024
Manufacturing quality was obviously substandard throughout.,1,River Cox,Sports,7/23/2024
Amazing load balancing distributing work efficiently across resources.,4,Nova Ward,Electronics,7/24/2024
Product arrived with multiple components missing from package.,1,Luna Howard,Toys,7/25/2024
